"Step","lr0.1-ELU-2D - test/final_f1","lr0.1-ELU-2D - test/final_f1__MIN","lr0.1-ELU-2D - test/final_f1__MAX","lr0.01-ELU-2D - test/final_f1","lr0.01-ELU-2D - test/final_f1__MIN","lr0.01-ELU-2D - test/final_f1__MAX","lr0.001-ELU-2D - test/final_f1","lr0.001-ELU-2D - test/final_f1__MIN","lr0.001-ELU-2D - test/final_f1__MAX","lr0.1-SiLU-2D - test/final_f1","lr0.1-SiLU-2D - test/final_f1__MIN","lr0.1-SiLU-2D - test/final_f1__MAX","lr0.01-SiLU-2D - test/final_f1","lr0.01-SiLU-2D - test/final_f1__MIN","lr0.01-SiLU-2D - test/final_f1__MAX","lr0.001-SiLU-2D - test/final_f1","lr0.001-SiLU-2D - test/final_f1__MIN","lr0.001-SiLU-2D - test/final_f1__MAX","lr0.1-ReLU-2D - test/final_f1","lr0.1-ReLU-2D - test/final_f1__MIN","lr0.1-ReLU-2D - test/final_f1__MAX","lr0.001-ReLU-2D - test/final_f1","lr0.001-ReLU-2D - test/final_f1__MIN","lr0.001-ReLU-2D - test/final_f1__MAX","lr0.01-ReLU-2D - test/final_f1","lr0.01-ReLU-2D - test/final_f1__MIN","lr0.01-ReLU-2D - test/final_f1__MAX"
"150","0.049980003386735916","0.049980003386735916","0.049980003386735916","0.5579005479812622","0.5579005479812622","0.5579005479812622","0.5871613025665283","0.5871613025665283","0.5871613025665283","0.050909239798784256","0.050909239798784256","0.050909239798784256","0.5621788501739502","0.5621788501739502","0.5621788501739502","0.6341525912284851","0.6341525912284851","0.6341525912284851","0.049980003386735916","0.049980003386735916","0.049980003386735916","0.5811787247657776","0.5811787247657776","0.5811787247657776","0.4486721158027649","0.4486721158027649","0.4486721158027649"